action_key,timestamp
repost_dwolf_t_1716518469812756711,2025-08-02T14:36:52.286245
repost_dwolf_t_1951602995499577361,2025-08-02T14:38:21.588862
repost_mayanchallee_1716518469812756711,2025-08-02T14:48:35.711910
repost_dwolf_t_1950611562491736443,2025-08-02T14:48:48.951801
repost_dwolf_t_1949972398507167983,2025-08-02T14:49:43.515742
repost_mayanchallee_1951602995499577361,2025-08-02T14:50:43.297300
reply_dwolf_t_1951630718057976098,2025-08-02T16:08:05.648848
reply_dwolf_t_1951633816231071971,2025-08-02T16:19:56.881075
like_dwolf_t_1951634384219427089,2025-08-02T16:22:06.722099
reply_dwolf_t_1951636886541217852,2025-08-02T16:32:47.712886
like_dwolf_t_1951637624738939008,2025-08-02T16:34:56.954354
like_dwolf_t_1951637618778587563,2025-08-02T16:35:38.142498
like_dwolf_t_1951637581596434692,2025-08-02T16:35:51.482972
like_dwolf_t_1951637555755065768,2025-08-02T16:36:49.136150
reply_dwolf_t_1951644803600409054,2025-08-02T17:05:24.154266
like_dwolf_t_1951645480292622466,2025-08-02T17:06:23.290256
like_dwolf_t_1951645387997036693,2025-08-02T17:06:30.749224
like_dwolf_t_1951645361690321121,2025-08-02T17:06:37.992118
like_dwolf_t_1951645336583249967,2025-08-02T17:06:45.910584
like_dwolf_t_1951634252816429468,2025-08-02T17:21:55.763924
like_dwolf_t_1951561946953634128,2025-08-02T17:22:02.497212
like_dwolf_t_1951644154553127351,2025-08-02T17:34:58.373178
like_mayanchallee_1951644154553127351,2025-08-02T17:35:04.527209
like_dwolf_t_1951428099435815300,2025-08-02T17:35:10.030025
like_mayanchallee_1951428099435815300,2025-08-02T17:35:15.922931
like_dwolf_t_1951296864243917148,2025-08-02T17:35:21.914703
like_mayanchallee_1951296864243917148,2025-08-02T17:35:27.877349
like_dwolf_t_1951290499182018716,2025-08-02T17:35:33.497896
like_mayanchallee_1951290499182018716,2025-08-02T17:35:39.572805
like_dSWFNOismdnbjv0_1951644154553127351,2025-08-02T17:45:53.734410
like_VAfVNVsABPVyoF1_1951644154553127351,2025-08-02T17:45:59.443735
like_dSWFNOismdnbjv0_1951428099435815300,2025-08-02T17:46:05.026888
like_VAfVNVsABPVyoF1_1951428099435815300,2025-08-02T17:46:10.578684
like_dSWFNOismdnbjv0_1951296864243917148,2025-08-02T17:46:16.690448
like_VAfVNVsABPVyoF1_1951296864243917148,2025-08-02T17:46:22.879036
like_dSWFNOismdnbjv0_1951290499182018716,2025-08-02T17:46:28.953670
like_VAfVNVsABPVyoF1_1951290499182018716,2025-08-02T17:46:35.065458
like_VAfVNVsABPVyoF1_1951659256283099355,2025-08-02T18:03:33.256984
like_dSWFNOismdnbjv0_1951659256283099355,2025-08-02T18:03:38.726576
reply_dSWFNOismdnbjv0_1951892971378688168,2025-08-03T11:49:29.540360
reply_salader45_1951892971378688168,2025-08-03T11:49:53.792150
reply_mayanchallee_1951892971378688168,2025-08-03T11:50:14.902021
reply_dwolf_t_1951892971378688168,2025-08-03T11:50:36.002186
